{
    "indices": [2886, 1764, 2527, 3055, 14619, 2651, 3298, 4339, 8617, 9015, 9054, 5382, 5879, 2607, 14610, 2165, 272, 14771, 4721, 3570, 3931, 4372, 9426, 8737, 910, 2710, 13330, 14640, 1348, 9900, 7039, 1280, 12267, 1795, 3663, 8183, 15429, 3727, 3236, 12840, 2351, 13006, 15063, 6598, 3431, 10291, 6809, 2107, 1970, 3907, 10614, 13214, 6431, 11287, 4357, 14839, 3299, 6375, 5926, 8121, 3998, 7306, 15050, 1974, 9291, 3996, 11875, 903, 7223, 6188, 1208, 1501, 9692, 8493, 4887, 12067, 4, 4808, 4805, 15599, 6447, 7395, 5734, 2162, 12420, 13484, 3070, 280, 1879, 13219, 2129, 6895, 6436, 9269, 13045, 3419, 9592, 8036, 5861, 4678, 12604, 8468, 1740, 14115, 11800, 7254, 1830, 761, 10422, 15318, 7704, 5197, 9337, 4741, 7471, 1105, 6768, 1720, 13792, 14270, 4226, 9625, 7662, 7778, 395, 8678, 11579, 2264, 12390, 572, 7770, 1866, 1677, 8022, 10963, 8722, 13017, 7691, 13523, 12069, 4700, 7652, 11862, 2307, 1321, 12056, 7361, 3562, 6360, 4091, 11600, 5834, 7346, 10978, 7018, 877, 9993, 12338, 170, 13988, 236, 9453, 10404, 391, 11997, 11580, 8601, 10809, 10926, 14521, 11239, 4363, 2365, 5808, 7252, 13934, 104, 9077, 14803, 6860, 5341, 10669, 3381, 11911, 2940, 5057, 5892, 11447, 3769, 7564, 171, 14538, 7393, 10667, 13724, 37, 4718, 7669, 13521, 14555],
    "scores":  [0.6110286116600037, 0.5112023949623108, -0.001000620424747467, 0.579824686050415, 0.5536797642707825, 0.600303053855896, 0.5658503174781799, 0.6025492548942566, 0.6000916957855225, 0.565737783908844, 0.5267347097396851, 0.3678666651248932, 0.6208628416061401, 0.5690128207206726, 0.6297892332077026, 0.4925965964794159, 0.4921473264694214, 0.5777739882469177, 0.38800349831581116, 0.45222917199134827, 0.5837204456329346, 0.6086062788963318, 0.470292866230011, 0.5482161045074463, 0.3413189947605133, 0.5486493706703186, 0.5749707818031311, 0.610663652420044, 0.34820249676704407, 0.5411854386329651, 0.5360487103462219, 0.6109322309494019, 0.579824686050415, 0.6109322309494019, 0.6189124584197998, 0.5655590295791626, 0.5690128207206726, 0.54987633228302, 0.3903745114803314, 0.5837204456329346, 0.5534518361091614, 0.5655590295791626, 0.5522217154502869, 0.3703104555606842, 0.4760865569114685, 0.5694078803062439, 0.6245501041412354, 0.3678666651248932, 0.37555477023124695, 0.5690128207206726, 0.4613613486289978, 0.6227161884307861, 0.6124690175056458, 0.6120107173919678, 0.6205198764801025, 0.605266273021698, 0.5837204456329346, 0.5827909111976624, 0.5554731488227844, 0.5694078803062439, 0.5606182217597961, 0.601580798625946, 0.6109322309494019, 0.5354581475257874, 0.6014611721038818, 0.5919089913368225, 0.5824493765830994, 0.6066224575042725, 0.6184601783752441, 0.5579245686531067, 0.5767764449119568, 0.6190363764762878, 0.6107277870178223, 0.5658503174781799, 0.3551282584667206, 0.5210621953010559, -0.001000620424747467, 0.5870628356933594, 0.6315329074859619, 0.42260289192199707, 0.6109322309494019, 0.5690128207206726, 0.6110286116600037, 0.6053219437599182, 0.583725094795227, -0.001000620424747467, 0.596419632434845, 0.43834272027015686, 0.43834272027015686, 0.5579245686531067, 0.5973795056343079, 0.5554731488227844, 0.5928516983985901, 0.5534518361091614, 0.6053219437599182, 0.5690128207206726, 0.6109322309494019, 0.5936880707740784, 0.6043189764022827, 0.38800349831581116, 0.6319400072097778, 0.6055040955543518, 0.38800349831581116, 0.5479006767272949, 0.5966314673423767, 0.5575795769691467, 0.5690128207206726, 0.5938735008239746, 0.5877591967582703, 0.5659472942352295, 0.5510186553001404, 0.5211600661277771, 0.5787531137466431, 0.5986321568489075, 0.5957244038581848, 0.36559146642684937, 0.6055040955543518, 0.5024623870849609, 0.3413189947605133, 0.36559146642684937, 0.6109322309494019, 0.6227161884307861, 0.5655590295791626, 0.6270031929016113, 0.6124690175056458, 0.5986409187316895, 0.5794056057929993, 0.6131803393363953, 0.6109322309494019, -0.001000620424747467, 0.5773252844810486, 0.5554731488227844, 0.5814266800880432, 0.5579245686531067, 0.5985161662101746, 0.5083049535751343, 0.5499659180641174, 0.5997514128684998, 0.6109322309494019, 0.6259717345237732, 0.5916754603385925, 0.5655590295791626, 0.6058514714241028, 0.5694078803062439, 0.6166316866874695, 0.5468685030937195, 0.5922777652740479, 0.5867850184440613, 0.5856179594993591, 0.5520114302635193, 0.590583086013794, 0.5922373533248901, 0.6109322309494019, 0.4613613784313202, 0.5880348086357117, 0.6154016852378845, 0.5690128207206726, 0.5787531137466431, 0.5711751580238342, 0.6055040955543518, 0.5976871848106384, 0.5791437029838562, 0.5655590295791626, 0.5824820399284363, 0.629752516746521, 0.6319400072097778, 0.5855851173400879, -0.001000620424747467, 0.5133474469184875, 0.5962900519371033, 0.5438256859779358, 0.6194801926612854, 0.54987633228302, 0.6109322309494019, 0.6125738024711609, 0.571628987789154, 0.5655590295791626, 0.5628862977027893, 0.5938735008239746, 0.5658503174781799, 0.5554731488227844, 0.5554731488227844, 0.5916754007339478, 0.587522029876709, 0.5843576788902283, 0.5474964380264282, 0.602024495601654, 0.6188790202140808, 0.6005586385726929, 0.5942711234092712, 0.4746529757976532, 0.5787531733512878, 0.6048291325569153, 0.5916754007339478, 0.49288544058799744, 0.5749707818031311, 0.3413190245628357, 0.602483868598938, -0.001000620424747467, 0.4613613188266754]
}
